<?xml version="1.0" encoding="UTF-8"?>
<!--
  JBoss, Home of Professional Open Source
  Copyright 2006, Red Hat Middleware LLC, and individual contributors 
  as indicated by the @author tags. 
  See the copyright.txt in the distribution for a
  full listing of individual contributors. 
  This copyrighted material is made available to anyone wishing to use,
  modify, copy, or redistribute it subject to the terms and conditions
  of the GNU Lesser General Public License, v. 2.1.
  This program is distributed in the hope that it will be useful, but WITHOUT A 
  WARRANTY; without even the implied warranty of MERCHANTABILITY or FITNESS FOR A 
  PARTICULAR PURPOSE.  See the GNU Lesser General Public License for more details.
  You should have received a copy of the GNU Lesser General Public License,
  v.2.1 along with this distribution; if not, write to the Free Software
  Foundation, Inc., 51 Franklin Street, Fifth Floor, Boston, 
  MA  02110-1301, USA.
  
  (C) 2005-2006,
  @author JBoss Inc.
-->
<!DOCTYPE log4j:configuration SYSTEM "log4j.dtd">

<!-- $Id: recoveryservice-log4j.xml 2342 2006-03-30 13:06:17Z  $ -->

<log4j:configuration xmlns:log4j="http://jakarta.apache.org/log4j/" debug="false">
   <appender name="stdout" class="org.apache.log4j.ConsoleAppender">
      <param name="Threshold" value="WARN"/>
      <layout class="org.apache.log4j.PatternLayout">
         <param name="ConversionPattern" value="%d [%t] %-5p %c - %m%n"/>
      </layout>
   </appender>

   <appender name="default" class="org.apache.log4j.RollingFileAppender">
      <param name="File" value="$USER_INSTALL_DIR$/services/logs/recovery-manager.log"/>
      <param name="MaxFileSize" value="500KB"/>
      <param name="MaxBackupIndex" value="2"/>
      <layout class="org.apache.log4j.PatternLayout">
         <param name="ConversionPattern" value="%d [%t] %-5p %c - %m%n"/>
      </layout>
   </appender>
   
   <category name="com.arjuna">
     <priority value="INFO"/>
     <appender-ref ref="default"/>
     <appender-ref ref="stdout"/>
   </category>
</log4j:configuration>
